{
    "frame_index": {
        "min": [
            0
        ],
        "max": [
            504
        ],
        "mean": [
            94.64834988024062
        ],
        "std": [
            72.59568252272373
        ],
        "count": [
            273465
        ],
        "q01": [
            1.4000339041304533
        ],
        "q10": [
            18.475191081483803
        ],
        "q50": [
            94.41465966467341
        ],
        "q90": [
            170.72145970746527
        ],
        "q99": [
            187.88534455156952
        ]
    },
    "action": {
        "min": [
            -0.9375,
            -0.9375,
            -0.9375,
            -0.2582142949104309,
            -0.375,
            -0.3675000071525574,
            -1.0
        ],
        "max": [
            0.9375,
            0.9375,
            0.9375,
            0.3557142913341522,
            0.375,
            0.375,
            1.0
        ],
        "mean": [
            0.06278156570450202,
            0.08684081017968912,
            -0.09037305936952836,
            0.0005407430783705139,
            0.0056433796450358715,
            -0.005229098518603562,
            -0.04964072167678376
        ],
        "std": [
            0.33552371813523185,
            0.37844699137610033,
            0.4447286014970994,
            0.03924354055831819,
            0.06339296374013795,
            0.07797027468104202,
            0.9987671387144731
        ],
        "count": [
            273465
        ],
        "q01": [
            -0.5351995604759133,
            -0.6038940108336306,
            -0.7783527160936635,
            -0.07409400313939966,
            -0.11625244711786367,
            -0.12600178856434227,
            -1.0
        ],
        "q10": [
            -0.3252913809366877,
            -0.3808314696340212,
            -0.6490355001782376,
            -0.037213742934319054,
            -0.06548341290917253,
            -0.0804664277405751,
            -1.0
        ],
        "q50": [
            0.02548362158868858,
            0.018220920580053705,
            -0.07365990458277467,
            -0.0010532897614931851,
            0.0024614323753293955,
            -0.0034799312467866422,
            -0.04420047309505714
        ],
        "q90": [
            0.5373876401420155,
            0.6317623048287707,
            0.531672503799562,
            0.0420261741530689,
            0.08143578998132052,
            0.06562675033290377,
            0.9194037421760276
        ],
        "q99": [
            0.7094643620806025,
            0.7320647943438569,
            0.8014754164781986,
            0.08395454557395111,
            0.13927570865247874,
            0.10880500996809674,
            0.919476987678191
        ]
    },
    "observation.images.image": {
        "min": [
            [
                [
                    0.0
                ]
            ],
            [
                [
                    0.0
                ]
            ],
            [
                [
                    0.0
                ]
            ]
        ],
        "max": [
            [
                [
                    1.0
                ]
            ],
            [
                [
                    1.0
                ]
            ],
            [
                [
                    1.0
                ]
            ]
        ],
        "mean": [
            [
                [
                    0.4870722683876049
                ]
            ],
            [
                [
                    0.43986403513215827
                ]
            ],
            [
                [
                    0.4052951870715714
                ]
            ]
        ],
        "std": [
            [
                [
                    0.2023691050360633
                ]
            ],
            [
                [
                    0.2325517896948243
                ]
            ],
            [
                [
                    0.22321979686789603
                ]
            ]
        ],
        "count": [
            273465
        ],
        "q01": [
            [
                [
                    0.05049524226568796
                ]
            ],
            [
                [
                    0.04448486704103995
                ]
            ],
            [
                [
                    0.022844155994938924
                ]
            ]
        ],
        "q10": [
            [
                [
                    0.18428252632273381
                ]
            ],
            [
                [
                    0.1691184710697972
                ]
            ],
            [
                [
                    0.14546676717482734
                ]
            ]
        ],
        "q50": [
            [
                [
                    0.5136662718183562
                ]
            ],
            [
                [
                    0.47363347372772263
                ]
            ],
            [
                [
                    0.42885199929224777
                ]
            ]
        ],
        "q90": [
            [
                [
                    0.7022143537672347
                ]
            ],
            [
                [
                    0.6612219654153099
                ]
            ],
            [
                [
                    0.6130834671976823
                ]
            ]
        ],
        "q99": [
            [
                [
                    0.8438623428724946
                ]
            ],
            [
                [
                    0.8311148547068394
                ]
            ],
            [
                [
                    0.8200178901460266
                ]
            ]
        ]
    },
    "episode_index": {
        "min": [
            0
        ],
        "max": [
            1692
        ],
        "mean": [
            721.1276470480683
        ],
        "std": [
            507.76337012318186
        ],
        "count": [
            273465
        ],
        "q01": [
            721.1276470480683
        ],
        "q10": [
            721.1276470480683
        ],
        "q50": [
            721.1276470480683
        ],
        "q90": [
            721.1276470480685
        ],
        "q99": [
            721.1276470480685
        ]
    },
    "timestamp": {
        "min": [
            0.0
        ],
        "max": [
            50.400001525878906
        ],
        "mean": [
            9.464834984918207
        ],
        "std": [
            7.2595681897784345
        ],
        "count": [
            273465
        ],
        "q01": [
            0.14000339036047132
        ],
        "q10": [
            1.8475191059435656
        ],
        "q50": [
            9.441420209256323
        ],
        "q90": [
            17.07247667363625
        ],
        "q99": [
            18.788583305771965
        ]
    },
    "task_index": {
        "min": [
            0
        ],
        "max": [
            39
        ],
        "mean": [
            17.112175232662317
        ],
        "std": [
            11.900397055013162
        ],
        "count": [
            273465
        ],
        "q01": [
            17.112175232662317
        ],
        "q10": [
            17.11217523266232
        ],
        "q50": [
            17.112175232662334
        ],
        "q90": [
            17.11217523266235
        ],
        "q99": [
            17.112175232662356
        ]
    },
    "observation.state": {
        "min": [
            -0.4828203022480011,
            -0.3255046010017395,
            0.008128180168569088,
            0.35277295112609863,
            -3.641430377960205,
            -1.842738389968872,
            -0.0013586411951109767,
            -0.042040832340717316
        ],